http://feeds.abcnews.com/abcnews/topstories;ABC News;News;News;2022-12-17 07:55:54.415107+00:00;False;True;0;en-US
http://www.aljazeera.com/xml/rss/all.xml;Aljazeera;News;News;2022-12-17 07:55:55.555113+00:00;False;True;0;en-US
https://www.androidauthority.com/feed/;Android Authority;Tech;Tech;2022-12-17 07:55:58.161689+00:00;False;True;0;en-US
http://feeds.arstechnica.com/arstechnica/index/;ArsTechnica;Tech;Tech;2022-12-17 07:55:58.884573+00:00;False;True;0;en-US
http://feeds.bbci.co.uk/news/rss.xml;BBC;News;UK;2022-12-17 07:55:59.651170+00:00;False;True;0;en-US
http://feeds.bbci.co.uk/news/technology/rss.xml;BBC tech;Tech;Tech;2022-12-17 07:56:00.375135+00:00;False;True;0;en-US
https://www.bankier.pl/rss/wiadomosci.xml;Bankier;News;PL;2022-12-17 07:56:01.075431+00:00;False;True;0;en-US
https://www.youtube.com/feeds/videos.xml?channel_id=UCmrLCXSDScliR7q8AxxjvXg;Black Pidgeon Speaks;YouTube;Politics;2022-12-17 07:56:01.685853+00:00;False;True;0;en-US
www.bloomberg.com/politics/feeds/site.xml;Bloomberg - politics;Politics;Politics;None;False;True;0;en-US
https://businessinsider.com.pl/.feed;Business insider;News;News;2022-12-17 07:56:02.244322+00:00;False;True;0;en-US
https://www.cnbc.com/id/100727362/device/rss/rss.html;CNBC;News;Newd;2022-12-17 07:56:03.197166+00:00;False;True;0;en-US
https://www.cnet.com/rss/all/;CNET;Tech;Tech;2022-12-17 07:56:03.874457+00:00;False;True;0;en-US
http://rss.cnn.com/rss/edition.rss;CNN;News;USA;2022-12-17 07:56:04.861348+00:00;False;True;0;en-US
http://rss.cnn.com/rss/cnn_world.rss;CNN World;News;USA;2022-12-17 07:56:05.793804+00:00;False;True;0;en-US
https://www.youtube.com/feeds/videos.xml?channel_id=UCwjvvgGX6oby5mZ3gbDe8Ug;China Insights;YouTube;Politics;2022-12-17 07:56:06.464934+00:00;False;True;0;en-US
https://www.chip.pl/feed;Chip.pl;Tech;Tech;2022-12-17 07:56:07.946205+00:00;False;True;0;pl-PL
https://www.youtube.com/feeds/videos.xml?channel_id=UCuVLG9pThvBABcYCm7pkNkA;Climate Town;YouTube;Science;2022-12-17 07:56:08.442308+00:00;False;True;0;en-US
https://www.codeproject.com/WebServices/NewsRSS.aspx;CodeProject;Tech;Tech;2022-12-17 07:56:10.150995+00:00;False;True;0;en-US
https://www.computerworld.com/index.rss;ComputerWorld;Tech;Tech;2022-12-17 07:56:10.995445+00:00;False;True;0;en-US
https://www.dailymail.co.uk/news/index.rss;Daily Mail;News;UK;2022-12-17 07:56:12.231725+00:00;False;True;0;en-US
https://www.dailywire.com/feeds/rss.xml;Daily Wire;News;USA;2022-12-17 07:56:15.078657+00:00;False;True;0;en-US
https://www.digitaltrends.com/news/rss;Digital Trends;Tech;Tech;2022-12-17 07:56:16.485514+00:00;False;True;0;en-US
https://epoznan.pl/rss;E Poznan;News;Lokalne;2022-12-17 07:56:17.248002+00:00;False;False;20;pl-PL
https://www.engadget.com/rss.xml;Engadget;Tech;Tech;2022-12-17 07:56:18.168659+00:00;False;True;0;en-US
https://www.theepochtimes.com/c-tech/feed/;Epoch Times Tech;Tech;Tech;2022-12-17 07:56:21.657472+00:00;False;True;0;en-US
https://www.theepochtimes.com/c-world/feed/;Epoch times world;News;News;2022-12-17 07:56:22.720493+00:00;False;True;0;en-US
https://www.forbes.com/innovation/feed2;Forbs - innovation;Tech;Tech;2022-12-17 07:56:23.534923+00:00;False;True;0;en-US
https://forsal.pl/.feed;Forsal.pl;News;News;2022-12-17 07:56:24.248524+00:00;False;True;0;pl-PL
https://moxie.foxnews.com/google-publisher/latest.xml;Fox News;News;USA;2022-12-17 07:56:24.948530+00:00;False;True;0;en-US
https://www.gamespot.com/feeds/mashup;GameSpot;Tech;Tech;2022-12-17 07:56:25.871809+00:00;False;True;0;en-US
https://gizmodo.com/rss;Gizmodo;Tech;Tech;2022-12-17 07:56:26.783998+00:00;False;True;0;en-US
https://hnrss.org/frontpage;Hacker News - frontpage;Tech;Tech;2022-12-17 07:56:27.862062+00:00;False;True;0;en-US
https://ithardware.pl/feed;IT hardware;Tech;Tech;2022-12-17 07:56:28.957081+00:00;False;True;0;en-US
https://www.youtube.com/feeds/videos.xml?channel_id=UCoOjH8D2XAgjzQlneM2W0EQ;Jake Tran;YouTube;News;2022-12-17 07:56:29.615969+00:00;False;False;0;en-US
https://www.youtube.com/feeds/videos.xml?channel_id=UC-2YHgc363EdcusLIBbgxzg;Joe Scott;YouTube;Science;2022-12-17 07:56:29.942854+00:00;False;True;0;en-US
https://www.youtube.com/feeds/videos.xml?channel_id=UCL_f53ZEJxp8TtlOkHwMV9Q;Jordan B Peterson;YouTube;Politics;2022-12-17 07:56:30.433688+00:00;False;True;0;en-US
https://www.youtube.com/feeds/videos.xml?channel_id=UChvithwOECK5g_19TjldMKw;Laowhy86;Politics;China;2022-12-17 07:56:31.082146+00:00;False;True;0;en-US
https://www.lemonde.fr/en/rss/une.xml;Le Monde;News;News;2022-12-17 07:56:31.731306+00:00;False;True;0;en-US
https://www.lemonde.fr/en/science/rss_full.xml;Le Monde - science;Science;Science;2022-12-17 07:56:32.337802+00:00;False;True;0;en-US
https://lifehacker.com/rss;Lifehacker;Tech;Tech;2022-12-17 07:56:33.211808+00:00;False;True;0;en-US
http://louderwithcrowder.com/feed/;Louder With Crowder;News;USA;2022-12-17 07:56:34.668268+00:00;False;True;0;en-US
https://lukesmith.xyz/rss.xml;Luke Smith;Tech;Tech;2022-12-17 07:56:37.184368+00:00;False;True;0;en-US
https://notrelated.xyz/rss;Luke Smith - Not Related;Random;Random;2022-12-17 07:56:38.993890+00:00;False;True;0;en-US
https://www.youtube.com/feeds/videos.xml?channel_id=UC2eYFnH61tmytImy1mTYvhA;Luke Smith - YouTube;YouTube;Tech;2022-12-17 07:56:39.467598+00:00;False;True;0;en-US
http://www.msn.com/rss/news.aspx;MSN;News;News;2022-12-17 07:56:39.956468+00:00;False;True;0;en-US
https://www.money.pl/rss/;Money PL;News;News;2022-12-17 07:56:40.537785+00:00;False;True;0;pl-PL
https://www.youtube.com/feeds/videos.xml?channel_id=UCmFeOdJI3IXgTBDzqBLD8qg;Moon;YouTube;News;2022-12-17 07:56:41.175106+00:00;False;False;0;en-US
https://feeds.nbcnews.com/nbcnews/public/tech;NBC tech;Tech;Tech;None;False;True;0;en-US
https://feeds.nbcnews.com/nbcnews/public/world;NBC world;News;News;2022-12-17 07:56:41.757283+00:00;False;True;0;en-US
https://rss.nytimes.com/services/xml/rss/nyt/World.xml;NY times;News;USA;2022-12-17 07:56:42.575260+00:00;False;True;0;en-US
http://rss.nytimes.com/services/xml/rss/nyt/Technology.xml;NY times technology;Tech;Tech;2022-12-17 07:56:43.265535+00:00;False;True;0;en-US
https://www.newsweek.com/rss;Newsweek;News;News;2022-12-17 07:56:44.155259+00:00;False;True;0;en-US
https://feeds.feedburner.com/niebezpiecznik/;Niebezpiecznik;Tech;Tech;2022-12-17 07:56:45.119416+00:00;False;True;0;pl-PL
https://www.pcworld.com/index.rss;PC world;Tech;Tech;2022-12-17 07:56:46.546755+00:00;False;True;0;en-US
https://rss.politico.com/politics-news.xml;Politico;News;News;2022-12-17 07:56:47.920039+00:00;False;True;0;en-US
https://www.polsatnews.pl/rss/swiat.xml;Polsat News;News;PL;2022-12-17 07:56:48.619011+00:00;False;True;0;pl-PL
https://reclaimthenet.org/feed/;Reclaim The Net;Tech;Tech;2022-12-17 07:56:50.225516+00:00;False;True;0;en-US
http://www.reddit.com/.rss;Reddit - Front Page;News;News;2022-12-17 07:56:51.393805+00:00;False;True;20;en-US
http://www.reddit.com/r/news/.rss;Reddit - News;News;News;2022-12-17 07:56:52.368005+00:00;False;True;20;en-US
http://www.reddit.com/r/politics/.rss;Reddit - Politics;News;USA;2022-12-17 07:56:53.540156+00:00;False;True;20;en-US
https://cdn.feedcontrol.net/8/1114-wioSIX3uu8MEj.xml;Reuters;News;USA;2022-12-17 07:56:54.188871+00:00;False;True;0;en-US
https://www.reutersagency.com/feed/?taxonomy=best-topics&post_type=best;Reuters - All;News;News;2022-12-17 07:56:55.277782+00:00;False;True;0;en-US
https://www.reutersagency.com/feed/?best-topics=tech&post_type=best;Reuters - Tech;Tech;Tech;2022-12-17 07:56:56.204405+00:00;False;True;0;en-US
https://sekurak.pl/rss;Sekurak;Tech;Tech;2022-12-17 07:56:56.883665+00:00;False;True;0;pl-PL
https://www.youtube.com/feeds/videos.xml?channel_id=UCl7mAGnY4jh4Ps8rhhh8XZg;Serpentza;Politics;China;2022-12-17 07:56:57.407964+00:00;False;True;0;en-US
http://feeds.skynews.com/feeds/rss/world.xml;Sky News;News;News;2022-12-17 07:56:58.039220+00:00;False;True;0;en-US
https://www.youtube.com/feeds/videos.xml?channel_id=UC9lKBRxxsDIarUmNaPe0h0Q;Sorelle Amore Finance;YouTube;News;2022-12-17 07:56:58.684538+00:00;False;True;0;en-US
https://tvn24.pl/najwazniejsze.xml;TNV24 Najważniejsze;News;PL;2022-12-17 07:56:59.504794+00:00;False;True;0;pl-PL
https://tvn24.pl/najnowsze.xml;TVN24 Najnowsze;News;PL;2022-12-17 07:56:59.984690+00:00;False;True;0;pl-PL
https://tvn24.pl/wiadomosci-z-kraju,3.xml;TVN24 Z kraju;News;PL;2022-12-17 07:57:00.564612+00:00;False;True;0;pl-PL
https://tvn24.pl/wiadomosci-ze-swiata,2.xml;TVN24 Ze świata;News;PL;2022-12-17 07:57:01.134080+00:00;False;True;0;pl-PL
https://www.youtube.com/feeds/videos.xml?channel_id=UCtZO3K2p8mqFwiKWb9k7fXA;Techaltar;YouTube;Tech;2022-12-17 07:57:01.607568+00:00;False;True;0;en-US
https://www.youtube.com/feeds/videos.xml?channel_id=UCs6KfncB4OV6Vug4o_bzijg;Techlore;YouTube;Tech;2022-12-17 07:57:02.082089+00:00;False;True;0;en-US
https://www.techradar.com/rss;Techradar;Tech;Tech;2022-12-17 07:57:03.420801+00:00;False;True;0;en-US
https://www.theguardian.com/international/rss;The Guardian - International;News;News;2022-12-17 07:57:04.622646+00:00;False;True;0;en-US
https://feeds.feedburner.com/TheHackersNews;The Hacker News;Tech;Tech;2022-12-17 07:57:05.431203+00:00;False;True;0;en-US
https://www.youtube.com/feeds/videos.xml?channel_id=UCjr2bPAyPV7t35MvcgT3W8Q;The Hated One;YouTube;Random;2022-12-17 07:57:05.930463+00:00;False;True;0;en-US
https://theintercept.com/feed/?lang=en;The Intercept;News;News;2022-12-17 07:57:07.658286+00:00;False;True;0;en-US
https://www.theverge.com/rss/index.xml;The Verge;News;USA;2022-12-17 07:57:08.161575+00:00;False;True;0;en-US
https://feeds.a.dj.com/rss/RSSWSJD.xml;The Wall Street - Tech;Tech;Tech;2022-12-17 07:57:09.379113+00:00;False;True;0;en-US
https://feeds.a.dj.com/rss/RSSWorldNews.xml;The Wall Street Journal;News;News;2022-12-17 07:57:10.545727+00:00;False;True;0;en-US
https://feeds.washingtonpost.com/rss/business/technology;The Washington Post - Tech;Tech;Tech;2022-12-17 07:57:19.516235+00:00;False;True;0;en-US
https://www.youtube.com/feeds/videos.xml?channel_id=UCSbdMXOI_3HGiFviLZO6kNA;Thrillseeker;YouTube;Tech;2022-12-17 07:57:20.253753+00:00;False;True;0;en-US
https://www.youtube.com/feeds/videos.xml?channel_id=UCHnyfMqiRRG1u-2MsSQLbXA;Veritasium;YouTube;Science;2022-12-17 07:57:20.800086+00:00;False;True;0;en-US
https://www.youtube.com/feeds/videos.xml?channel_id=UCsmk8NDVMct75j_Bfb9Ah7w;Virtual Reality Oasis;YouTube;Tech;2022-12-17 07:57:21.490833+00:00;False;True;0;en-US
https://feeds.feedburner.com/dcexaminer/tech;Washington Examiner - Tech;Tech;Tech;2022-12-17 07:57:22.397038+00:00;False;True;0;en-US
https://feeds.feedburner.com/dcexaminer/Politics;Washington Examiner - politics;Politics;Politics;2022-12-17 07:57:23.189219+00:00;False;True;0;en-US
https://feeds.feedburner.com/dcexaminer/WorldNews;Washington Examiner - world;News;News;None;False;True;0;en-US
https://www.wired.com/feed/category/business/latest/rss;Wired business;Business;Business;2022-12-17 07:57:23.821656+00:00;False;True;0;en-US
https://wydarzenia.interia.pl/feed;Wydarzenia Interia;News;PL;2022-12-17 07:57:24.405762+00:00;False;True;0;pl-PL
https://wydarzenia.interia.pl/polska/feed;Wydarzenia Interia - Polska;News;PL;2022-12-17 07:57:24.991640+00:00;False;True;0;pl-PL
https://wydarzenia.interia.pl/swiat/feed;Wydarzenia Interia - Świat;News;PL;2022-12-17 07:57:25.575793+00:00;False;True;0;pl-PL
https://www.wykop.pl/rss/index.xml/;Wykop;Random;PL;2022-12-17 07:57:26.312023+00:00;False;False;20;pl-PL
http://www.zdnet.com/news/rss.xml;ZDNET;Tech;Tech;2022-12-17 07:57:26.709983+00:00;False;True;0;en-US
http://www.pcgamer.com/rss;pcgamer;Tech;Tech;2022-12-17 07:57:28.579109+00:00;False;True;0;en-US
http://wiadomosci.gazeta.pl/pub/rss/wiadomosci_kraj.htm;wiadomości.gazeta.pl;News;PL;2022-12-17 07:57:29.115608+00:00;False;True;0;pl-PL
